year,n_active,lambda2,BR,active,total_usd,max_edge_usd
1948,10,0.1456296811748405,0.12978401160224912,"US,GB,FR,DE,IT,JP,IN,CN,CA,AU",19096620000.0,2038500000.0
1949,11,0.06897583314582047,0.1323385834174411,"US,GB,FR,DE,IT,JP,IN,CN,CA,AU,KR",20285780000.0,2101200000.0
1950,11,0.011951007995931727,0.07278818717451987,"US,GB,FR,DE,IT,JP,IN,CN,CA,AU,KR",16899280000.0,2162100000.0
1951,12,0.005290726727136206,0.06896754153637277,"US,GB,FR,DE,IT,JP,IN,CN,CA,AU,KR,TW",27226700000.0,3667500000.0
1952,12,0.023447495782359044,0.06718540405023608,"US,GB,FR,DE,IT,JP,IN,CN,CA,AU,KR,TW",24710940000.0,3354100000.0
1953,12,0.024724968345772754,0.044243172789646124,"US,GB,FR,DE,IT,JP,IN,CN,CA,AU,KR,TW",23401880000.0,3610900000.0
1954,12,0.027118017023828968,0.053298519788691656,"US,GB,FR,DE,IT,JP,IN,CN,CA,AU,KR,TW",23622760000.0,3362300000.0
1955,12,0.028203805127495932,0.06688519565828793,"US,GB,FR,DE,IT,JP,IN,CN,CA,AU,KR,TW",28476180000.0,3858500000.0
1956,12,0.02338770305667544,0.051104964276813304,"US,GB,FR,DE,IT,JP,IN,CN,CA,AU,KR,TW",32522880000.0,4662500000.0
1957,12,0.025420539641518903,0.06494732969226755,"US,GB,FR,DE,IT,JP,IN,CN,CA,AU,KR,TW",37200880000.0,4605500000.0
1958,12,0.032557302487524475,0.06299714222587456,"US,GB,FR,DE,IT,JP,IN,CN,CA,AU,KR,TW",31777220000.0,4061100000.0
1959,12,0.03089701269230494,0.06287102106861264,"US,GB,FR,DE,IT,JP,IN,CN,CA,AU,KR,TW",33851460000.0,4399800000.0
1960,12,0.03963740511386987,0.10628811781957435,"US,GB,FR,DE,IT,JP,IN,CN,CA,AU,KR,TW",39854160000.0,4147100000.0
1961,12,0.04579122822041825,0.1053546743117728,"US,GB,FR,DE,IT,JP,IN,CN,CA,AU,KR,TW",43029680000.0,4263300000.0
1962,12,0.05237096116948455,0.10572979719063462,"US,GB,FR,DE,IT,JP,IN,CN,CA,AU,KR,TW",44831240000.0,4427000000.0
1963,12,0.05721520115293219,0.12671088027270125,"US,GB,FR,DE,IT,JP,IN,CN,CA,AU,KR,TW",50216360000.0,4535900000.0
1964,12,0.056683219962040336,0.11708515687230919,"US,GB,FR,DE,IT,JP,IN,CN,CA,AU,KR,TW",55541080000.0,5271400000.0
1965,12,0.06774989592548687,0.10147015637089223,"US,GB,FR,DE,IT,JP,IN,CN,CA,AU,KR,TW",60831860000.0,6153700000.0
1966,12,0.06952929415631467,0.09501831267881637,"US,GB,FR,DE,IT,JP,IN,CN,CA,AU,KR,TW",67871600000.0,7265300000.0
1967,12,0.08289572317973302,0.09643850361501288,"US,GB,FR,DE,IT,JP,IN,CN,CA,AU,KR,TW",73399180000.0,8168500000.0
1968,12,0.09654193431778937,0.09209932310119011,"US,GB,FR,DE,IT,JP,IN,CN,CA,AU,KR,TW",85676400000.0,9574300000.0
1969,12,0.0953199673276416,0.08906203812116154,"US,GB,FR,DE,IT,JP,IN,CN,CA,AU,KR,TW",96405500000.0,11046100000.0
1970,12,0.10783138169339684,0.10565368701107024,"US,GB,FR,DE,IT,JP,IN,CN,CA,AU,KR,TW",111116960000.0,11780700000.0
1971,12,0.09530558888920129,0.1007441807960986,"US,GB,FR,DE,IT,JP,IN,CN,CA,AU,KR,TW",124646040000.0,13467800000.0
1972,12,0.09382429603595452,0.11060304628643992,"US,GB,FR,DE,IT,JP,IN,CN,CA,AU,KR,TW",150471480000.0,15809900000.0
1973,12,0.11920731694441483,0.13445417610578989,"US,GB,FR,DE,IT,JP,IN,CN,CA,AU,KR,TW",197393520000.0,18762800000.0
1974,12,0.12346863578369421,0.14156667020995603,"US,GB,FR,DE,IT,JP,IN,CN,CA,AU,KR,TW",255428840000.0,23814000000.0
1975,12,0.15524305465476254,0.12533218840122806,"US,GB,FR,DE,IT,JP,IN,CN,CA,AU,KR,TW",256571260000.0,25381200000.0
1976,12,0.12946507965958465,0.12405774652432838,"US,GB,FR,DE,IT,JP,IN,CN,CA,AU,KR,TW",299479800000.0,28739700000.0
1977,12,0.12444676313549749,0.14034352319185,"US,GB,FR,DE,IT,JP,IN,CN,CA,AU,KR,TW",338003280000.0,30868900000.0
1978,12,0.13075535847638184,0.16087054178702068,"US,GB,FR,DE,IT,JP,IN,CN,CA,AU,KR,TW",420068900000.0,34646900000.0
1979,12,0.13098810880536058,0.17321386054583807,"US,GB,FR,DE,IT,JP,IN,CN,CA,AU,KR,TW",517536560000.0,42467700000.0
1980,12,0.15454375296362546,0.189112897965397,"US,GB,FR,DE,IT,JP,IN,CN,CA,AU,KR,TW",602645160000.0,45321400000.0
1981,12,0.13862562157752753,0.1581765695432638,"US,GB,FR,DE,IT,JP,IN,CN,CA,AU,KR,TW",611038560000.0,49746900000.0
1982,12,0.17473371886703823,0.16019679677318743,"US,GB,FR,DE,IT,JP,IN,CN,CA,AU,KR,TW",599196556983.55,46791700000.0
1983,12,0.15247629868683057,0.14081922907872055,"US,GB,FR,DE,IT,JP,IN,CN,CA,AU,KR,TW",622204477060.2346,53847500000.0
1984,12,0.13638685692506466,0.12260814612343436,"US,GB,FR,DE,IT,JP,IN,CN,CA,AU,KR,TW",740302474393.2329,66911100000.0
1985,12,0.13320652676415037,0.12311211285241873,"US,GB,FR,DE,IT,JP,IN,CN,CA,AU,KR,TW",826127425568.6262,72380100000.0
1986,12,0.12945937056078646,0.13426433745514368,"US,GB,FR,DE,IT,JP,IN,CN,CA,AU,KR,TW",966364317375.2843,85456600000.0
1987,12,0.13221174153829937,0.16471833981712877,"US,GB,FR,DE,IT,JP,IN,CN,CA,AU,KR,TW",1102537597410.022,88073900000.0
1988,12,0.13510329259390022,0.18693426768265842,"US,GB,FR,DE,IT,JP,IN,CN,CA,AU,KR,TW",1253454512230.8633,93127600000.0
1989,12,0.15276571440497028,0.19079215613656597,"US,GB,FR,DE,IT,JP,IN,CN,CA,AU,KR,TW",1333843132811.786,97109532000.0
1990,12,0.1517793776130352,0.2172414358386463,"US,GB,FR,DE,IT,JP,IN,CN,CA,AU,KR,TW",1446403634200.6904,95388201092.4972
1991,12,0.1392842940064031,0.21462661049517218,"US,GB,FR,DE,IT,JP,IN,CN,CA,AU,KR,TW",1482088000345.2874,95574313377.5702
1992,13,0.14696613252287616,0.20724650501051609,"US,GB,FR,DE,IT,JP,IN,CN,CA,AU,KR,RU,TW",1623236088420.593,103860049577.041
1993,13,0.1538474067991035,0.17833176885009602,"US,GB,FR,DE,IT,JP,IN,CN,CA,AU,KR,RU,TW",1641365447984.9805,114447959624.203
1994,13,0.14843863338826938,0.17300294886462497,"US,GB,FR,DE,IT,JP,IN,CN,CA,AU,KR,RU,TW",1868537406977.3936,133111675588.23
1995,13,0.15462682257526256,0.18339962167984666,"US,GB,FR,DE,IT,JP,IN,CN,CA,AU,KR,RU,TW",2175887185386.3523,152895833621.674
1996,13,0.14512420181631341,0.17281706834441748,"US,GB,FR,DE,IT,JP,IN,CN,CA,AU,KR,RU,TW",2239483408667.8857,164761422251.26
1997,13,0.14343618299455474,0.16116542067220646,"US,GB,FR,DE,IT,JP,IN,CN,CA,AU,KR,RU,TW",2322995976780.8857,177317182018.001
1998,13,0.14463664901170661,0.15603940522717782,"US,GB,FR,DE,IT,JP,IN,CN,CA,AU,KR,RU,TW",2360099984485.0317,182801797183.329
1999,13,0.13222739557330543,0.14525980927010285,"US,GB,FR,DE,IT,JP,IN,CN,CA,AU,KR,RU,TW",2557217678164.385,208012961452.855
2000,13,0.12495074493052814,0.13637201883639688,"US,GB,FR,DE,IT,JP,IN,CN,CA,AU,KR,RU,TW",2898829520974.0,240597160109.0
2001,13,0.12518698120251007,0.13978235175061987,"US,GB,FR,DE,IT,JP,IN,CN,CA,AU,KR,RU,TW",2752910837618.0,228978111289.0
2002,13,0.15035460164021544,0.16265589759582877,"US,GB,FR,DE,IT,JP,IN,CN,CA,AU,KR,RU,TW",2874957626792.0,221145339698.0
2003,13,0.18308920480909638,0.18472874953332372,"US,GB,FR,DE,IT,JP,IN,CN,CA,AU,KR,RU,TW",3296967855986.0,235247099634.0
2004,13,0.20857794666123544,0.19746598112563526,"US,GB,FR,DE,IT,JP,IN,CN,CA,AU,KR,RU,TW",3992051692514.0,268958363276.0
2005,13,0.23273408064747944,0.1832989003319817,"US,GB,FR,DE,IT,JP,IN,CN,CA,AU,KR,RU,TW",4491584519578.0,302387502764.0
2006,13,0.2810221605599515,0.19551556263935302,"US,GB,FR,DE,IT,JP,IN,CN,CA,AU,KR,RU,TW",5019261736870.0,316649359889.0
2007,13,0.3343045017600332,0.20992012604004243,"US,GB,FR,DE,IT,JP,IN,CN,CA,AU,KR,RU,TW",5610095042278.0,340117700000.0
2008,13,0.3864676204533301,0.212006441457993,"US,GB,FR,DE,IT,JP,IN,CN,CA,AU,KR,RU,TW",6101668523864.0,356318900000.0
2009,13,0.38068455653480693,0.1974167939920173,"US,GB,FR,DE,IT,JP,IN,CN,CA,AU,KR,RU,TW",4776575124328.0,309557700000.0
2010,13,0.40372465470284374,0.17883857281053375,"US,GB,FR,DE,IT,JP,IN,CN,CA,AU,KR,RU,TW",5932714434186.0,382982900000.0
2011,13,0.4625700691198282,0.19565240159388816,"US,GB,FR,DE,IT,JP,IN,CN,CA,AU,KR,RU,TW",6709381811700.0,399371232631.0
2012,13,0.43656177913645794,0.18475305160991792,"US,GB,FR,DE,IT,JP,IN,CN,CA,AU,KR,RU,TW",6746009412362.0,425619082637.0
2013,13,0.414928836560336,0.17503802787453293,"US,GB,FR,DE,IT,JP,IN,CN,CA,AU,KR,RU,TW",6868001903138.0,440434334115.0
2014,13,0.41081729973199,0.1684587233624684,"US,GB,FR,DE,IT,JP,IN,CN,CA,AU,KR,RU,TW",7055225567804.0,466754455239.0
2015,13,0.32932085280184176,0.1492300855195468,"US,GB,FR,DE,IT,JP,IN,CN,CA,AU,KR,RU,TW",6433730974452.0,481880763487.0
2016,13,0.3101911449488818,0.15296348533499807,"US,GB,FR,DE,IT,JP,IN,CN,CA,AU,KR,RU,TW",6247302951726.0,462813000460.0
2017,13,0.3467139691361265,0.15086165038237553,"US,GB,FR,DE,IT,JP,IN,CN,CA,AU,KR,RU,TW",6839701854388.0,505165098057.0
2018,13,0.3867477752803777,0.1536185373273209,"US,GB,FR,DE,IT,JP,IN,CN,CA,AU,KR,RU,TW",7418449458522.0,538514158526.0
2019,13,0.4552253062564182,0.19608830891562554,"US,GB,FR,DE,IT,JP,IN,CN,CA,AU,KR,RU,TW",7146355350592.0,449110676707.0
2020,13,0.4024108757405466,0.18679529427297203,"US,GB,FR,DE,IT,JP,IN,CN,CA,AU,KR,RU,TW",6739155686444.0,452832222870.0
2021,13,0.4321811799371681,0.17689648720058107,"US,GB,FR,DE,IT,JP,IN,CN,CA,AU,KR,RU,TW",8431615305754.0,577636302833.0
2022,13,0.49922084477983425,0.20285675643773682,"US,GB,FR,DE,IT,JP,IN,CN,CA,AU,KR,RU,TW",9147262192876.998,582539063880.0
2023,13,0.4374823871854467,0.20695049514343644,"US,GB,FR,DE,IT,JP,IN,CN,CA,AU,KR,RU,TW",8488231981751.113,506980581369.0
