material,class,tc_K,sg_number,point_group,candidate,path,note
Al,Element,1.2,225,Oh,YES,BCS bulk (S1) or type-I,
Bi,Element,0.00053,166,D3d,YES,BCS bulk (S1) or type-I,
Cd,Element,0.52,194,D6h,YES,BCS bulk (S1) or type-I,
Diamond:B,Element,11.4,227,Oh,YES,BCS bulk (S1) or type-I,
Ga,Element,1.083,64,D2h,NO,BCS bulk (S1) or type-I,
Ge:Ga,Element,3.5,227,Oh,YES,BCS bulk (S1) or type-I,
Hf,Element,0.165,194,D6h,YES,BCS bulk (S1) or type-I,
Hg(a),Element,4.15,166,D3d,YES,BCS bulk (S1) or type-I,
Hg(b),Element,3.95,166,D3d,YES,BCS bulk (S1) or type-I,
In,Element,3.4,139,D4h,NO,BCS bulk (S1) or type-I,
Ir,Element,0.14,225,Oh,YES,BCS bulk (S1) or type-I,
La(a),Element,4.9,194,D6h,YES,BCS bulk (S1) or type-I,
La(b),Element,6.3,225,Oh,YES,BCS bulk (S1) or type-I,
Li,Element,0.0004,229,Oh,YES,BCS bulk (S1) or type-I,
Mo,Element,0.92,229,Oh,YES,BCS bulk (S1) or type-I,
Nb,Element,9.26,229,Oh,YES,BCS bulk (S1) or type-I,
Os,Element,0.65,194,D6h,YES,BCS bulk (S1) or type-I,
Pa,Element,1.4,139,D4h,NO,BCS bulk (S1) or type-I,
Pb,Element,7.19,225,Oh,YES,BCS bulk (S1) or type-I,
Re,Element,2.4,194,D6h,YES,BCS bulk (S1) or type-I,
Rh,Element,0.000325,225,Oh,YES,BCS bulk (S1) or type-I,
Ru,Element,0.49,194,D6h,YES,BCS bulk (S1) or type-I,
Si:B,Element,0.4,227,Oh,YES,BCS bulk (S1) or type-I,
Sn(b),Element,3.72,141,D4h,NO,BCS bulk (S1) or type-I,
Ta,Element,4.48,229,Oh,YES,BCS bulk (S1) or type-I,
Tc,Element,9.25,194,D6h,YES,BCS bulk (S1) or type-I,
Th(a),Element,1.37,225,Oh,YES,BCS bulk (S1) or type-I,
Ti,Element,0.39,194,D6h,YES,BCS bulk (S1) or type-I,
Tl,Element,2.39,194,D6h,YES,BCS bulk (S1) or type-I,
U(a),Element,0.68,63,D2h,NO,BCS bulk (S1) or type-I,
U(b),Element,1.8,136,D4h,NO,BCS bulk (S1) or type-I,
V,Element,5.03,229,Oh,YES,BCS bulk (S1) or type-I,
W(a),Element,0.015,229,Oh,YES,BCS bulk (S1) or type-I,
W(b),Element,2.5,223,Oh,YES,BCS bulk (S1) or type-I,
Yb,Element,1.4,225,Oh,YES,BCS bulk (S1) or type-I,
Zn,Element,0.855,194,D6h,YES,BCS bulk (S1) or type-I,
Zr,Element,0.55,194,D6h,YES,BCS bulk (S1) or type-I,
Ba8Si46,Clathrate,8.07,223,Oh,YES,BCS bulk (S1),
C6Ca,Intercalated,11.5,194,D6h,YES,BCS bulk (S1),
C6Li3Ca2,Intercalated,11.15,194,D6h,YES,BCS bulk (S1),
C8K,Intercalated,0.14,194,D6h,YES,BCS bulk (S1),
C8KHg,Intercalated,1.4,194,D6h,YES,BCS bulk (S1),
C6K,Intercalated,1.5,194,D6h,YES,BCS bulk (S1),
C3K,Intercalated,3.0,194,D6h,YES,BCS bulk (S1),
C3Li,Intercalated,0.35,194,D6h,YES,BCS bulk (S1),
C2Li,Intercalated,1.9,194,D6h,YES,BCS bulk (S1),
C3Na,Intercalated,3.05,194,D6h,YES,BCS bulk (S1),
C2Na,Intercalated,5.0,194,D6h,YES,BCS bulk (S1),
C8Rb,Intercalated,0.025,194,D6h,YES,BCS bulk (S1),
C6Sr,Intercalated,1.65,194,D6h,YES,BCS bulk (S1),
C6Yb,Intercalated,6.5,194,D6h,YES,BCS bulk (S1),
Sr2RuO4,Compound,0.93,139,D4h,NO,BCS bulk (S1),"exclusion prediction (D4h, no C3)"
C60Cs2Rb,Compound,33,225,Oh,YES,BCS bulk (S1),
C60K3,Compound,19.8,204,Th,YES,BCS bulk (S1),
C60RbX,Compound,28,225,Oh,YES,BCS bulk (S1),
C60Cs3,Compound,38,225,Oh,YES,BCS bulk (S1),
FeB4,Compound,2.9,58,D2h,NO,BCS bulk (S1),
InN,Compound,3,186,C6v,YES,BCS bulk (S1),
In2O3,Compound,3.3,206,Th,YES,BCS bulk (S1),
LaB6,Compound,0.45,221,Oh,YES,BCS bulk (S1),
MgB2,Compound,39,191,D6h,YES,BCS bulk (S1),
Nb3Al,Compound,18,223,Oh,YES,BCS bulk (S1),
NbC1-xNx,Compound,17.8,225,Oh,YES,BCS bulk (S1),
Nb3Ge,Compound,23.2,223,Oh,YES,BCS bulk (S1),
NbO,Compound,1.38,221,Oh,YES,BCS bulk (S1),
NbN,Compound,16,225,Oh,YES,BCS bulk (S1),
Nb3Sn,Compound,18.3,223,Oh,YES,BCS bulk (S1),
NbTi,Compound,10,229,Oh,YES,BCS bulk (S1),
SiC:B,Compound,1.4,216,Td,YES,BCS bulk (S1),
SiC:Al,Compound,1.5,216,Td,YES,BCS bulk (S1),
TiN,Compound,5.6,225,Oh,YES,BCS bulk (S1),
V3Si,Compound,17,223,Oh,YES,BCS bulk (S1),
YB6,Compound,8.4,221,Oh,YES,BCS bulk (S1),
ZrN,Compound,10,225,Oh,YES,BCS bulk (S1),
ZrB12,Compound,6.0,225,Oh,YES,BCS bulk (S1),
UTe2,Compound,2.1,71,D2h,NO,BCS bulk (S1),"exclusion prediction (D2h, no C3); under experimental debate"
CuBa0.15La1.85O4,Cuprate,52.5,139,D4h,NO,"d-wave, non-topological (S2)",
YBCO,Cuprate,95,47,D2h,NO,"d-wave, non-topological (S2)",
EuBCO,Cuprate,93,47,D2h,NO,"d-wave, non-topological (S2)",
GdBCO,Cuprate,91,47,D2h,NO,"d-wave, non-topological (S2)",
BSCCO,Cuprate,104,64,D2h,NO,"d-wave, non-topological (S2)",
HBCCO,Cuprate,135,123,D4h,NO,"d-wave, non-topological (S2)",
"SmFeAs(O,F)",Iron-based,55,129,D4h,NO,"s+- spin fluctuation, non-topological (S1)",
"CeFeAs(O,F)",Iron-based,41,129,D4h,NO,"s+- spin fluctuation, non-topological (S1)",
"LaFeAs(O,F)",Iron-based,26,129,D4h,NO,"s+- spin fluctuation, non-topological (S1)",
LaFeSiH,Iron-based,11,129,D4h,NO,"s+- spin fluctuation, non-topological (S1)",
LaFePO,Iron-based,4,129,D4h,NO,"s+- spin fluctuation, non-topological (S1)",
FeSe:SrTiO3,Iron-based,80,129,D4h,NO,"s+- spin fluctuation, non-topological (S1)",
"(Ba,K)Fe2As2",Iron-based,38,139,D4h,NO,"s+- spin fluctuation, non-topological (S1)",
NaFeAs,Iron-based,20,129,D4h,NO,"s+- spin fluctuation, non-topological (S1)",
La3Ni2O7,Oxonickelate,80,63,D2h,NO,non-topological (S1),
H3S,Polyhydride,203,229,Oh,YES,BCS bulk under pressure (S1),
LaH10,Polyhydride,250,225,Oh,YES,BCS bulk under pressure (S1),
CaH6,Polyhydride,215,229,Oh,YES,BCS bulk under pressure (S1),
